course,skills,rating,level,certificatetype,duration,prerequisites,skill_level_required
Applied Software Engineering Fundamentals,"{"" Python Programming"","" Computer Programming"","" Software Engineering"","" Application Development"","" Programming Principles"","" Software Architecture"","" Software Engineering Tools"","" Agile Software Development"","" Communication"","" Product Management"","" Software-Defined Networking"","" Collaboration"","" Leadership and Management"","" Linux"","" Data Analysis"","" Mergers & Acquisitions""}",4.6,Beginner,Specialization,3 - 6 Months,Basic Python Syntax|Introductory Statistics|NumPy Basics,beginner
Machine Learning and Reinforcement Learning in Finance,"{"" Machine Learning"","" Human Learning"","" Machine Learning Algorithms"","" Algorithms"","" Finance"","" Mathematics"","" Regression"","" Statistical Machine Learning"","" Applied Machine Learning"","" Artificial Neural Networks"","" Deep Learning"","" Reinforcement Learning"","" Tensorflow""}",3.7,Intermediate,Specialization,3 - 6 Months,Linear Algebra|Python Programming|Calculus Fundamentals,intermediate
IT Security: Defense against the digital dark arts,"{"" Cryptography"","" Network Security"","" System Security""}",4.8,Beginner,Course,1 - 3 Months,Basic Networking Concepts|TCP/IP Fundamentals|Operating Systems,beginner
Introduction to Cyber Security,"{"" Security Engineering"","" Cyberattacks"","" Network Security"","" System Security"","" Security Strategy"","" Computer Networking"","" Security Software"","" Computer Security Models"","" Network Architecture"","" Strategy"","" Cryptography"","" Problem Solving"","" Software Security"","" Algorithms"","" Computer Security Incident Management"","" Critical Thinking"","" Operational Analysis"","" Computational Thinking"","" BlockChain"","" Cloud Computing"","" Mobile Security""}",4.7,Beginner,Specialization,3 - 6 Months,Basic Networking Concepts|TCP/IP Fundamentals|Operating Systems,beginner
Customer Experiences with Contact Center AI - Dialogflow ES,"{"" Machine Learning"","" Natural Language Processing"","" Human Computer Interaction"","" Interactive Design"","" User Experience"","" Cloud-Based Integration"","" Applied Machine Learning"","" Design and Product"","" User Experience Design"","" Strategy and Operations"","" Application Development"","" Google Cloud Platform"","" Computer Programming"","" Software Architecture"","" Search Engine Optimization"","" Customer Relationship Management"","" Computer Architecture"","" Computer Programming Tools"","" Customer Success"","" Data Management"","" Operations Management""}",4.5,Intermediate,Specialization,3 - 6 Months,Linear Algebra|Python Programming|Calculus Fundamentals,intermediate
How Things Work: An Introduction to Physics,"{"" Critical Thinking"","" Experiment"","" Problem Solving"","" Angular"","" Mathematical Theory & Analysis"","" Scientific Visualization"","" Deep Learning"","" Feature Engineering"","" Reinforcement Learning""}",4.8,Intermediate,Course,1 - 3 Months,Linear Algebra|Python Programming|Calculus Fundamentals,intermediate
Agile with Atlassian Jira,"{"" Agile Software Development"","" Leadership and Management"","" Planning"","" Product Development"","" Product Management"","" Project Management"","" Scrum (Software Development)"","" Software Engineering"","" Software Testing"","" Technical Product Management"","" Jira (Software)""}",4.7,Beginner,Course,1 - 4 Weeks,Programming Fundamentals|Version Control|Algorithms,beginner
Databases and SQL for Data Science with Python,"{"" Python Programming"","" Computational Thinking"","" Computer Programming"","" Data Analysis"","" Data Management"","" Database Application"","" Database Design"","" Database Theory"","" Databases"","" SQL"","" Cloud Computing"","" IBM Cloud""}",4.6,Beginner,Course,1 - 3 Months,Basic Python Syntax|Introductory Statistics|NumPy Basics,beginner
Reporting extra-financier et stratégie RSE,"{"" Strategy"","" Audit"","" Strategy and Operations"","" Change Management"","" Communication"","" Finance"","" Leadership and Management"","" Regulations and Compliance""}",4.7,Beginner,Course,1 - 4 Weeks,Basic Arithmetic|Excel Fundamentals|Introductory Financial Concepts,beginner
High Stakes Leadership: Leading in Times of Crisis,"{"" Leadership and Management"","" Leadership Development"","" Entrepreneurship"","" Business Psychology"","" Finance"","" Human Resources"","" Human Resources Operations"","" Organizational Development"","" Risk Management"","" Communication"","" Change Management""}",4.7,Intermediate,Course,1 - 4 Weeks,Basic Arithmetic|Excel Fundamentals|Introductory Financial Concepts,intermediate
SAS Advanced Programmer,"{"" SAS (Software)"","" Statistical Programming"","" SQL"","" Databases"","" Computer Programming"","" Data Analysis"","" Data Management""}",4.8,Intermediate,Professional Certificate,3 - 6 Months,Relational Database Concepts|Basic SQL Queries|Data Types,intermediate
Marketing with TikTok,"{"" Marketing"","" Social Media"","" Digital Marketing"","" Media Strategy & Planning"","" Advertising Sales"","" Media Production"","" E-Commerce"","" Sales"","" Strategy"","" Market Analysis""}",4.7,Beginner,Specialization,1 - 3 Months,Digital Communication Basics|Consumer Behavior|Content Creation,beginner
Meta Database Engineer,"{"" SQL"","" Databases"","" Statistical Programming"","" Python Programming"","" Database Design"","" Programming Principles"","" Algorithms"","" Computer Science"","" Big Data"","" Software Testing"","" Application Development"","" Collaboration"","" Communication"","" Computer Programming"","" Data Analysis"","" Data Management"","" Data Model"","" Data Structures"","" Data Warehousing"","" Database Administration"","" Database Application"","" Database Theory"","" Django (Web Framework)"","" Javascript"","" Linux"","" Problem Solving"","" Project Management"","" Software Engineering"","" Software Engineering Tools"","" Tableau Software"","" Tensorflow"","" Web Development""}",4.6,Beginner,Professional Certificate,3 - 6 Months,Basic Python Syntax|Introductory Statistics|NumPy Basics,beginner
Preparing for Google Cloud Certification: Machine Learning Engineer,"{"" Machine Learning"","" Google Cloud Platform"","" Applied Machine Learning"","" Cloud Computing"","" Human Learning"","" Machine Learning Software"","" Cloud Platforms"","" Machine Learning Algorithms"","" Tensorflow"","" Deep Learning"","" Feature Engineering"","" Artificial Neural Networks"","" Training"","" DevOps"","" Exploratory Data Analysis"","" Python Programming"","" Cloud-Based Integration"","" Data Analysis"","" Data Visualization"","" Big Data"","" Probability & Statistics"","" Regression"","" Statistical Programming"","" Statistical Visualization"","" Algorithms"","" Continuous Integration"","" SQL"","" Cloud API"","" Apache"","" Extract"","" Transform"","" Load"","" Docker (Software)""}",4.6,Intermediate,Professional Certificate,3 - 6 Months,Basic Python Syntax|Introductory Statistics|NumPy Basics,intermediate
Fundamentals of Project Planning and Management,"{"" Project Management"","" Strategy and Operations"","" Leadership and Management"","" Planning""}",4.7,Beginner,Course,1 - 4 Weeks,Basic Organizational Principles|Communication Skills|Time Management,beginner
Real-World Cloud Product Management,"{"" Security Engineering"","" Cloud Computing"","" Business"","" Product Management""}",4.7,Beginner,Specialization,1 - 3 Months,Basic Networking Concepts|TCP/IP Fundamentals|Operating Systems,beginner
Microsoft Azure Fundamentals AZ-900 Exam Prep,"{"" Cloud Computing"","" Microsoft Azure"","" Cloud Management"","" Cloud Applications"","" Cloud Infrastructure"","" Cloud Platforms"","" Network Security"","" Cloud Engineering"","" Cloud Standards"","" DevOps"","" Leadership and Management"","" System Security"","" Cloud Storage"","" Machine Learning"","" Software As A Service"","" Cloud-Based Integration"","" Software Security"","" Data Management"","" Network Architecture"","" Security Software"","" Account Management"","" Database Administration"","" Databases"","" Web Development Tools""}",4.6,Beginner,Specialization,3 - 6 Months,Linear Algebra|Python Programming|Calculus Fundamentals,beginner
Introduction to Cybersecurity & Risk Management,"{"" Leadership and Management"","" Risk Management""}",4.7,Beginner,Specialization,1 - 3 Months,Basic Networking Concepts|TCP/IP Fundamentals|Operating Systems,beginner
Essentials of Corporate Finance,"{"" Finance"","" Investment Management"","" Financial Analysis"","" Risk Management"","" Financial Management"","" Leadership and Management"","" Accounting"","" Financial Accounting"","" Management Accounting"","" Business Analysis"","" Decision Making"","" Market Analysis"","" Accounts Payable and Receivable"","" Cash Management"","" General Accounting"","" Securities Trading"","" Account Management"","" Operational Analysis"","" Banking"","" Correlation And Dependence"","" Probability & Statistics""}",4.6,Intermediate,Specialization,3 - 6 Months,Basic Arithmetic|Excel Fundamentals|Introductory Financial Concepts,intermediate
Finance & Quantitative Modeling for Analysts,"{"" Finance"","" Business Analysis"","" Data Analysis"","" Financial Analysis"","" Accounting"","" Forecasting"","" Financial Management"","" General Accounting"","" General Statistics"","" Statistical Analysis"","" Financial Accounting"","" Mathematical Theory & Analysis"","" Accounts Payable and Receivable"","" Probability & Statistics"","" Basic Descriptive Statistics"","" Correlation And Dependence"","" Data Model"","" Decision Making"","" Regression"","" Generally Accepted Accounting Principles (GAAP)"","" Management Accounting"","" Statistical Tests"","" Strategy and Operations"","" Budget Management"","" Microsoft Excel"","" Spreadsheet Software"","" Entrepreneurship"","" Linear Algebra"","" Computer Programming""}",4.5,Beginner,Specialization,3 - 6 Months,Relational Database Concepts|Basic SQL Queries|Data Types,beginner
Whole genome sequencing of bacterial genomes - tools and applications,"{"" Bioinformatics""}",4.6,Beginner,Course,1 - 3 Months,Analytical Thinking|Problem Solving Basics|General Industry Knowledge,beginner
The Business of Music Production,"{"" Creativity"","" Critical Thinking"","" Regulations and Compliance"","" Problem Solving"","" Process Analysis"","" Writing"","" Decision Making"","" Business Analysis"","" Deep Learning"","" Strategy"","" Leadership and Management""}",4.8,Beginner,Specialization,3 - 6 Months,Linear Algebra|Python Programming|Calculus Fundamentals,beginner
Aboriginal Worldviews and Education,"{"" Critical Thinking""}",4.7,Beginner,Course,1 - 3 Months,Analytical Thinking|Problem Solving Basics|General Industry Knowledge,beginner
Reinforcement Learning,"{"" Machine Learning"","" Reinforcement Learning"","" Algorithms"","" Human Learning"","" Machine Learning Algorithms"","" Applied Machine Learning"","" Computer Programming"","" Python Programming"","" Statistical Machine Learning"","" Statistical Programming"","" Artificial Neural Networks"","" Decision Making"","" Probability & Statistics"","" Probability Distribution""}",4.7,Intermediate,Specialization,3 - 6 Months,Basic Python Syntax|Introductory Statistics|NumPy Basics,intermediate
Transforming the Fashion Business,"{"" Leadership and Management"","" Research and Design"","" Brand Management"","" Design and Product"","" Strategy and Operations"","" Supply Chain Systems"","" Supply Chain and Logistics"","" Innovation"","" Marketing"","" Product Management"","" Collaboration"","" Entrepreneurship"","" Retail Sales"","" Sales"","" Strategy"","" Business Design"","" E-Commerce"","" Interactive Design"","" Product Lifecycle"","" Forecasting"","" Merchandising"","" Product Design"","" Visual Design""}",4.7,Intermediate,Specialization,1 - 3 Months,Digital Communication Basics|Consumer Behavior|Content Creation,intermediate
Introduction to Scripting in Python,"{"" Computer Programming"","" Programming Principles"","" Python Programming"","" Computer Programming Tools"","" Computational Logic"","" Data Analysis"","" Computational Thinking"","" Mathematics"","" Algorithms"","" Critical Thinking"","" Data Structures"","" Mathematical Theory & Analysis"","" Problem Solving"","" Algebra"","" Data Visualization""}",4.7,Beginner,Specialization,3 - 6 Months,Basic Python Syntax|Introductory Statistics|NumPy Basics,beginner
Build a Modern Computer from First Principles: From Nand to Tetris (Project-Centered Course),"{"" Computational Logic"","" Computer Architecture"","" Computer Programming"","" Hardware Design"","" Theoretical Computer Science"","" Computer Programming Tools"","" Critical Thinking"","" Problem Solving"","" Systems Design""}",4.9,Mixed,Course,1 - 3 Months,Basic Organizational Principles|Communication Skills|Time Management,beginner
Futures Thinking,"{"" Adaptability"","" Creativity"","" Forecasting"","" Critical Thinking"","" Innovation"","" Human Learning"","" Decision Making"","" Strategy"","" Problem Solving"","" Collaboration"","" Communication"","" People Analysis"","" Planning"","" Research and Design"","" Scientific Visualization"","" Strategy and Operations"","" Leadership and Management"","" Business Transformation"","" Experiment"","" Storytelling"","" Game Theory"","" Leadership Development""}",4.8,Beginner,Specialization,3 - 6 Months,Basic Organizational Principles|Communication Skills|Time Management,beginner
Anatomy,"{"" Human Learning""}",4.8,Beginner,Specialization,3 - 6 Months,Analytical Thinking|Problem Solving Basics|General Industry Knowledge,beginner
Using Python to Access Web Data,"{"" Computer Programming"","" Computer Programming Tools"","" Programming Principles"","" Python Programming"","" Data Structures"","" Web Development"","" Web Development Tools"","" Computer Networking"","" Extract"","" Transform"","" Load"","" HTML and CSS""}",4.8,Beginner,Course,1 - 3 Months,Basic Python Syntax|Introductory Statistics|NumPy Basics,beginner
Professional Skills for the Workplace,"{"" Leadership and Management"","" Communication"","" Emotional Intelligence"","" Professional Development"","" Collaboration"","" Problem Solving"","" Critical Thinking"","" People Development"","" Business Psychology"","" Strategy and Operations"","" Adaptability"","" People Analysis"","" Strategy"","" Resilience"","" Entrepreneurship"","" Planning""}",4.8,Beginner,Specialization,3 - 6 Months,Basic Organizational Principles|Communication Skills|Time Management,beginner
"HTML, CSS, and Javascript for Web Developers","{"" Front-End Web Development"","" HTML and CSS"","" Javascript"","" Web Development""}",4.7,Mixed,Course,1 - 3 Months,Linear Algebra|Python Programming|Calculus Fundamentals,beginner
Patient Safety,"{"" Communication"","" Problem Solving"","" Planning""}",4.8,Beginner,Specialization,3 - 6 Months,Analytical Thinking|Problem Solving Basics|General Industry Knowledge,beginner
Harnessing the Power of Data with Power BI,"{"" Data Analysis"","" Extract"","" Transform"","" Load"","" Power BI""}",4.5,Beginner,Course,1 - 4 Weeks,Relational Database Concepts|Basic SQL Queries|Data Types,beginner
Introduction to Data Engineering,"{"" Data Engineering"","" Data Management"","" Extract"","" Transform"","" Load"","" Databases"","" Network Security"","" Big Data"","" Data Warehousing"","" Leadership and Management"","" SQL"","" Data Science"","" NoSQL""}",4.7,Beginner,Course,1 - 4 Weeks,Basic Networking Concepts|TCP/IP Fundamentals|Operating Systems,beginner
Foundational Finance for Strategic Decision Making,"{"" Finance"","" Financial Analysis"","" Financial Management"","" Investment Management"","" Decision Making"","" Leadership and Management"","" Business Analysis"","" Critical Thinking"","" Financial Accounting"","" Payments"","" Accounting"","" Market Analysis"","" Microsoft Excel"","" Planning"","" Problem Solving"","" Strategy and Operations"","" Mathematics""}",4.7,Beginner,Specialization,3 - 6 Months,Basic Arithmetic|Excel Fundamentals|Introductory Financial Concepts,beginner
Microsoft Azure Data Scientist Associate (DP-100),"{"" Machine Learning"","" Microsoft Azure"","" Applied Machine Learning"","" Machine Learning Algorithms"","" Machine Learning Software"","" Cloud Computing"","" Python Programming"","" Human Learning"","" Algorithms"","" Big Data"","" Cloud Applications"","" Data Analysis"","" Regression"","" Cloud-Based Integration"","" Extract"","" Transform"","" Load"","" Training"","" Exploratory Data Analysis"","" Cloud Platforms"","" Data Management"","" Deep Learning"","" Experiment""}",4.4,Intermediate,Professional Certificate,3 - 6 Months,Basic Python Syntax|Introductory Statistics|NumPy Basics,intermediate
Supply Chain Management,"{"" Supply Chain Systems"","" Supply Chain and Logistics"","" Planning"","" Strategy and Operations"","" Business Process Management"","" Inventory Management"","" Leadership and Management"","" Operations Management"","" Continuous Delivery"","" Critical Thinking"","" Data Analysis"","" Estimation"","" Forecasting"","" Microsoft Excel"","" Spreadsheet Software"","" Statistical Analysis"","" Strategy"","" Supplier Relationship Management"","" Warehouse Management"","" Probability & Statistics"","" Transportation Operations Management"","" Material Handling"","" Shipping and Receiving"","" Performance Management""}",4.7,Beginner,Specialization,3 - 6 Months,Relational Database Concepts|Basic SQL Queries|Data Types,beginner
Python Programming Fundamentals,"{"" Algorithms"","" Computer Programming"","" Problem Solving"","" Python Programming""}",4.4,Beginner,Course,1 - 4 Weeks,Basic Python Syntax|Object-Oriented Programming,beginner
Google IT Support,"{"" Computer Networking"","" Network Architecture"","" Network Model"","" Networking Hardware"","" Network Analysis"","" Computer Architecture"","" Critical Thinking"","" Problem Solving"","" Communication"","" Human Computer Interaction"","" Network Security"","" Linux"","" System Security"","" Cloud Computing"","" Computer Programming"","" Customer Support"","" Cryptography"","" Leadership and Management"","" Operating Systems""}",4.8,Beginner,Professional Certificate,3 - 6 Months,Basic Networking Concepts|TCP/IP Fundamentals|Operating Systems,beginner
Preparing for Google Cloud Certification: Cloud Engineer,"{"" Cloud Computing"","" Google Cloud Platform"","" Cloud Platforms"","" Cloud Applications"","" Cloud Engineering"","" Cloud Storage"","" Cloud Infrastructure"","" Cloud Management"","" Computer Networking"","" Cloud Standards"","" Cloud-Based Integration"","" Computer Architecture"","" Google App Engine"","" Other Cloud Platforms and Tools"","" DevOps"","" Computer Programming Tools"","" Kubernetes"","" Network Architecture"","" Computer Programming"","" Billing & Invoicing"","" Leadership and Management""}",4.7,Intermediate,Professional Certificate,3 - 6 Months,Programming Fundamentals|Version Control|Algorithms,intermediate
"NoSQL, Big Data, and Spark Foundations","{"" Apache"","" Big Data"","" Data Management"","" Distributed Computing Architecture"","" Databases"","" NoSQL"","" Extract"","" Transform"","" Load"","" SQL"","" Cloud Computing"","" Data Model"","" Machine Learning"","" Data Architecture"","" Database Administration"","" Database Design"","" Cloud Applications"","" Cloud Storage"","" IBM Cloud"","" Kubernetes"","" Python Programming""}",4.4,Beginner,Specialization,3 - 6 Months,Basic Python Syntax|Introductory Statistics|NumPy Basics,beginner
First Step Korean,"{"" Communication"","" Culture"","" Writing""}",4.9,Beginner,Course,1 - 3 Months,Analytical Thinking|Problem Solving Basics|General Industry Knowledge,beginner
Mathematics for Machine Learning: Linear Algebra,"{"" Algebra"","" Linear Algebra"","" Mathematics"","" Python Programming"","" Computer Programming"","" Machine Learning Algorithms"","" Problem Solving"","" Algorithms"","" Computer Programming Tools"","" Machine Learning""}",4.7,Beginner,Course,1 - 3 Months,Basic Python Syntax|Introductory Statistics|NumPy Basics,beginner
"Introduction to Financial Analysis - The ""Why?""","{"" Accounting"","" Finance"","" Financial Accounting"","" General Accounting"","" Leadership and Management"","" Accounts Payable and Receivable"","" Financial Analysis"","" Cost Accounting"","" Generally Accepted Accounting Principles (GAAP)"","" Risk Management""}",4.7,Beginner,Course,1 - 4 Weeks,Basic Arithmetic|Excel Fundamentals|Introductory Financial Concepts,beginner
Certificate in Strategic Leadership,"{"" Strategy""}",,,University Certificate,6 - 12 Months,Basic Organizational Principles|Communication Skills|Time Management,beginner
Six Sigma Green Belt,"{"" Data Analysis"","" Probability & Statistics"","" Business Analysis"","" Process Analysis"","" Statistical Analysis"","" General Statistics"","" Operational Analysis"","" Business Process Management"","" Organizational Development"","" Performance Management"","" Problem Solving"","" Project Management"","" Statistical Tests"","" Statistical Visualization"","" Strategy and Operations"","" Decision Making"","" Leadership and Management"","" Mathematics"","" Operations Management"","" Basic Descriptive Statistics"","" Supply Chain and Logistics"","" Entrepreneurship"","" Planning"","" Probability Distribution"","" Customer Analysis"","" Mathematical Theory & Analysis"","" Experiment"","" Interactive Data Visualization"","" Interactive Design""}",4.7,Intermediate,Specialization,3 - 6 Months,Relational Database Concepts|Basic SQL Queries|Data Types,intermediate
Financial Markets,"{"" Finance"","" Investment Management"","" Risk Management"","" Banking"","" Behavioral Economics"","" Critical Thinking"","" Decision Making"","" Financial Analysis"","" Innovation"","" Regulations and Compliance"","" Leadership and Management""}",4.8,Beginner,Course,1 - 3 Months,Basic Arithmetic|Excel Fundamentals|Introductory Financial Concepts,beginner
Building Scalable Java Microservices with Spring Boot and Spring Cloud,"{"" Cloud Applications"","" Cloud Computing"","" Cloud Infrastructure"","" Cloud Platforms"","" Google App Engine"","" Google Cloud Platform"","" Java Programming"","" Kubernetes""}",4.3,Intermediate,Course,1 - 4 Weeks,IT Infrastructure Basics|Networking Fundamentals|Virtualization,intermediate
Work Smarter with Microsoft Word,"{"" Collaboration"","" Communication"","" Computer Graphics"","" Microsoft Excel"","" Visual Design"","" Research and Design"","" Writing"","" Interactive Data Visualization"","" Software Architecture"","" User Experience Design""}",4.7,Beginner,Course,1 - 3 Months,Relational Database Concepts|Basic SQL Queries|Data Types,beginner
IBM Introduction to Machine Learning,"{"" Machine Learning"","" Machine Learning Algorithms"","" Algorithms"","" Statistical Machine Learning"","" Human Learning"","" Probability & Statistics"","" Applied Machine Learning"","" Data Analysis"","" Regression"","" General Statistics"","" Feature Engineering"","" Machine Learning Software"","" Exploratory Data Analysis"","" Dimensionality Reduction"","" Statistical Analysis"","" Data Model"","" Statistical Tests"","" Data Structures""}",4.6,Intermediate,Specialization,3 - 6 Months,Linear Algebra|Python Programming|Calculus Fundamentals,intermediate
Driving business towards the Sustainable Development Goals,"{"" Critical Thinking"","" Innovation"","" Leadership and Management"","" Problem Solving"","" Strategy"","" Business Transformation"","" Collaboration"","" Entrepreneurship"","" People Development"","" Organizational Development""}",4.8,Beginner,Course,1 - 3 Months,Basic Organizational Principles|Communication Skills|Time Management,beginner
Methods and Statistics in Social Sciences,"{"" Probability & Statistics"","" Statistical Tests"","" General Statistics"","" Statistical Analysis"","" Correlation And Dependence"","" Statistical Programming"","" Basic Descriptive Statistics"","" Research and Design"","" Data Analysis"","" Regression"","" Adaptability"","" Computational Thinking"","" Critical Thinking"","" People Analysis"","" Theoretical Computer Science"","" Writing"","" Probability Distribution"","" Problem Solving"","" R Programming"","" Experiment"","" Mathematical Theory & Analysis"","" Computer Programming""}",4.6,Beginner,Specialization,3 - 6 Months,Relational Database Concepts|Basic SQL Queries|Data Types,beginner
Food & Beverage Management,"{"" Design and Product"","" Marketing"","" Business Analysis"","" Customer Analysis"","" Product Marketing"","" Product Strategy"","" Brand Management"","" Leadership and Management"","" Market Analysis"","" Sales"","" Strategy"","" Strategy and Operations""}",4.8,Mixed,Course,1 - 3 Months,Digital Communication Basics|Consumer Behavior|Content Creation,beginner
Advanced Embedded Linux Development,"{"" Computer Programming"","" Operating Systems"","" System Software"","" Linux"","" Agile Software Development""}",4,Intermediate,Specialization,1 - 3 Months,Programming Fundamentals|Version Control|Algorithms,intermediate
Attract and Engage Customers with Digital Marketing,"{"" Digital Marketing"","" Marketing"","" Search Engine Optimization"","" Marketing Management"","" Advertising"","" Media Strategy & Planning"","" Persona Research"","" Web Design"","" Web Development"","" Web Development Tools""}",4.8,Beginner,Course,1 - 4 Weeks,Digital Communication Basics|Consumer Behavior|Content Creation,beginner
Construction Management,"{"" Project Management"","" Leadership and Management"","" Strategy and Operations"","" Planning"","" Estimation"","" Operations Management"","" Budget Management"","" Accounting"","" Decision Making"","" Finance"","" Cost Accounting"","" Critical Thinking"","" Mathematical Theory & Analysis"","" Financial Accounting"","" Performance Management"","" Strategy"","" Financial Analysis"","" Investment Management"","" Financial Management"","" Process Analysis"","" Risk Management"","" Computational Logic"","" Network Model"","" Statistical Visualization"","" Collaboration"","" Innovation"","" Change Management"","" Business Transformation"","" Supply Chain and Logistics"","" Market Analysis"","" Entrepreneurship"","" Human Factors (Security)""}",4.7,Beginner,Specialization,3 - 6 Months,Basic Networking Concepts|TCP/IP Fundamentals|Operating Systems,beginner
Academic English: Writing,"{"" Writing""}",4.7,Beginner,Specialization,3 - 6 Months,Basic Grammar|Reading Comprehension|Introductory Vocabulary,beginner
Building AI Powered Chatbots Without Programming,"{"" Cloud Computing"","" Computer Programming"","" IBM Cloud"","" Machine Learning""}",4.8,Beginner,Course,1 - 3 Months,Linear Algebra|Python Programming|Calculus Fundamentals,beginner
Introduction to Cybersecurity Tools & Cyber Attacks,"{"" Cryptography"","" Security Software"","" Cyberattacks"","" Leadership and Management""}",4.6,Beginner,Course,1 - 4 Weeks,Basic Networking Concepts|TCP/IP Fundamentals|Operating Systems,beginner
Health Informatics,"{"" Leadership and Management"","" Data Analysis"","" Data Management"","" Clinical Data Management"","" Decision Making"","" Systems Design"","" Data Model"","" Data Structures"","" Databases"","" User Experience"","" Change Management"","" Critical Thinking"","" Human Computer Interaction"","" Big Data"","" Data Analysis Software"","" Database Design"","" Database Theory"","" Process Analysis"","" Project Management"","" Data Science"","" Health""}",4.4,Beginner,Specialization,3 - 6 Months,Relational Database Concepts|Basic SQL Queries|Data Types,beginner
Data Visualization with Python,"{"" Data Visualization"","" Python Programming"","" Statistical Programming"","" Statistical Visualization"","" Plot (Graphics)"","" Computer Programming""}",4.5,Intermediate,Course,1 - 3 Months,Basic Python Syntax|Introductory Statistics|NumPy Basics,intermediate
Introduction to Public Relations and the Media,"{"" Communication"","" Public Relations"","" Media Strategy & Planning"","" Strategy"","" Brand Management"","" Leadership and Management"","" Marketing"","" Strategy and Operations"","" Planning"","" Social Media"","" Critical Thinking"","" Customer Relationship Management"","" Journalism""}",4.7,Beginner,Specialization,3 - 6 Months,Digital Communication Basics|Consumer Behavior|Content Creation,beginner
Introduction to Financial Engineering and Risk Management,"{"" Finance"","" Mathematics"","" Probability & Statistics"","" Risk Management"","" Securities Sales"","" Securities Trading""}",4.6,Intermediate,Course,1 - 3 Months,Programming Fundamentals|Version Control|Algorithms,intermediate
Linear Algebra from Elementary to Advanced,"{""Beginner · Specialization · 3 - 6 Months""}",,Beginner,Specialization,3 - 6 Months,Analytical Thinking|Problem Solving Basics|General Industry Knowledge,beginner
Investment and Portfolio Management,"{"" Finance"","" Investment Management"","" Financial Analysis"","" Leadership and Management"","" Risk Management"","" Behavioral Economics"","" Probability & Statistics"","" Market Analysis"","" Mathematics"","" Statistical Tests"","" Business Psychology"","" Correlation And Dependence"","" Mathematical Theory & Analysis""}",4.5,Beginner,Specialization,3 - 6 Months,Basic Arithmetic|Excel Fundamentals|Introductory Financial Concepts,beginner
Managerial Economics & Business Analysis Graduate Certificate,"{"" Accounting"","" Finance"","" General Statistics"","" Management Accounting"","" Statistical Analysis""}",,,Graduate Certificate,6 - 12 Months,Basic Arithmetic|Excel Fundamentals|Introductory Financial Concepts,beginner
The Business of Health Care,"{"" Leadership and Management"","" Finance"","" Decision Making"","" Performance Management"","" Strategy and Operations"","" Operations Management"","" Business Analysis"","" Financial Analysis"","" Financial Management"","" Business Psychology"","" Accounting"","" Accounts Payable and Receivable"","" Financial Accounting"","" General Accounting"","" Management Accounting"","" People Management"","" Generally Accepted Accounting Principles (GAAP)"","" People Analysis"","" Strategy"","" Business Process Management"","" Innovation"","" Leadership Development"","" Payments"","" Behavioral Economics"","" Problem Solving"","" Compensation"","" Correlation And Dependence"","" Insurance Sales"","" Research and Design"","" Risk Management""}",4.6,Beginner,Specialization,3 - 6 Months,Basic Arithmetic|Excel Fundamentals|Introductory Financial Concepts,beginner
Building No-Code Apps with AppSheet,"{"" Application Development"","" Mobile Development Tools"","" Spreadsheet Software"","" User Experience"","" Data Management"","" Databases"","" Google Cloud Platform"","" User Experience Design"","" Cloud Applications"","" Mobile Development""}",4.7,Beginner,Specialization,3 - 6 Months,Relational Database Concepts|Basic SQL Queries|Data Types,beginner
Preparing for Google Cloud Certification: Cloud Architect,"{"" Google Cloud Platform"","" Cloud Computing"","" Cloud Applications"","" Cloud Engineering"","" Cloud Platforms"","" Cloud Infrastructure"","" Cloud Management"","" Cloud Storage"","" Other Cloud Platforms and Tools"","" Cloud Standards"","" Cloud-Based Integration"","" Computer Networking"","" DevOps"","" Google App Engine"","" Computer Architecture"","" Kubernetes"","" Billing & Invoicing"","" Computer Security Models"","" Critical Thinking"","" Network Architecture"","" Computer Programming"","" Operational Analysis"","" Software Testing"","" Leadership and Management""}",4.7,Intermediate,Professional Certificate,3 - 6 Months,Basic Networking Concepts|TCP/IP Fundamentals|Operating Systems,intermediate
Information Technology (IT) and Cloud Fundamentals,"{"" Cloud Computing"","" Computer Networking"","" Operating Systems"","" Cloud Storage"","" System Security"","" Cloud Applications"","" Cyberattacks"","" Cloud Infrastructure"","" Cloud Platforms"","" Databases"","" DevOps"","" Networking Hardware"","" Computer Programming"","" Cryptography"","" IBM Cloud"","" Network Architecture"","" Network Security"","" Security Engineering"","" Software Engineering""}",4.7,Beginner,Specialization,3 - 6 Months,Basic Networking Concepts|TCP/IP Fundamentals|Operating Systems,beginner
AWS Fundamentals,"{"" Amazon Web Services"","" Cloud Computing"","" Cloud Management"","" Cloud Infrastructure"","" Cloud Platforms"","" Cloud Applications"","" Cloud Engineering"","" Cloud Storage"","" Cloud API"","" Cloud-Based Integration"","" Network Security"","" Computer Security Models"","" Security Engineering"","" Security Software"","" Security Strategy"","" System Security"","" Cloud Standards"","" Computer Programming Tools"","" Distributed Computing Architecture"","" Data Management"","" Database Design"","" Databases"","" Software Architecture"","" Data Architecture"","" Continuous Delivery"","" Leadership and Management"","" Data Analysis""}",4.8,Beginner,Specialization,3 - 6 Months,Basic Networking Concepts|TCP/IP Fundamentals|Operating Systems,beginner
Finance for Non-Finance Professionals,"{"" Accounting"","" Business Analysis"","" Data Analysis"","" Finance"","" Financial Analysis"","" Financial Management"","" Financial Accounting"","" Investment Management"","" Budget Management""}",4.8,Beginner,Course,1 - 3 Months,Relational Database Concepts|Basic SQL Queries|Data Types,beginner
From Excel to Power BI,"{"" Data Analysis"","" Data Model"","" Microsoft Excel"","" Power BI""}",4.4,Beginner,Course,1 - 4 Weeks,Relational Database Concepts|Basic SQL Queries|Data Types,beginner
"Cybersecurity Roles, Processes & Operating System Security","{"" Cloud Computing"","" Linux"","" Operating Systems"","" System Security""}",4.6,Beginner,Course,1 - 3 Months,Basic Networking Concepts|TCP/IP Fundamentals|Operating Systems,beginner
Weight Management: Beyond Balancing Calories,"{"" Leadership and Management""}",4.7,Beginner,Course,1 - 3 Months,Basic Organizational Principles|Communication Skills|Time Management,beginner
"Advanced Valuation and Strategy - M&A, Private Equity, and Venture Capital","{"" Finance"","" Mergers & Acquisitions"","" Business Analysis"","" Data Analysis"","" Financial Analysis"","" Investment Management"","" Accounting"","" Entrepreneurship"","" Marketing"","" Strategy"","" Strategy and Operations"","" Game Theory""}",4.6,Advanced,Course,1 - 3 Months,Relational Database Concepts|Basic SQL Queries|Data Types,advanced
Google Advanced Data Analytics,"{"" Communication"","" Computer Programming"","" Data Analysis"","" Exploratory Data Analysis"","" General Statistics"","" Machine Learning"","" Planning"","" Probability Distribution"","" Project Management"","" Python Programming"","" Regression"","" Statistical Analysis"","" Tableau Software""}",4.7,Advanced,Professional Certificate,3 - 6 Months,Basic Python Syntax|Introductory Statistics|NumPy Basics,advanced
Mergers and Acquisitions,"{"" Mergers & Acquisitions"","" Finance"","" Accounting"","" Financial Analysis"","" Financial Accounting"","" Banking"","" Business Analysis"","" Investment Management"","" Financial Management"","" Data Analysis"","" Market Analysis"","" Corporate Accouting"","" Taxes""}",4.6,Intermediate,Specialization,3 - 6 Months,Relational Database Concepts|Basic SQL Queries|Data Types,intermediate
Build Dynamic User Interfaces (UI) for Websites,"{"" User Experience"","" User Research"","" Web Design"","" Web Development Tools""}",4.8,Beginner,Course,1 - 3 Months,Visual Design Fundamentals|Color Theory Basics|Basic Creativity Skills,beginner
"Everyday Excel, Part 1","{"" Business Analysis"","" Data Analysis"","" Data Analysis Software"","" Microsoft Excel"","" Spreadsheet Software"","" Critical Thinking"","" Problem Solving"","" Data Management"","" Mathematics"","" Data Visualization""}",4.7,Beginner,Course,1 - 3 Months,Relational Database Concepts|Basic SQL Queries|Data Types,beginner
Google Marketing Digital e E-Commerce,"{"" E-Commerce"","" Marketing"","" Search Engine Optimization"","" Strategy""}",4.9,Beginner,Professional Certificate,3 - 6 Months,Digital Communication Basics|Consumer Behavior|Content Creation,beginner
Auditing I: Conceptual Foundations of Auditing,"{"" Accounting"","" Audit"","" Critical Thinking"","" Financial Analysis"","" Regulations and Compliance"","" Risk Management"","" Financial Accounting"","" General Accounting"","" Leadership and Management"","" Finance""}",4.7,Intermediate,Course,1 - 3 Months,Basic Arithmetic|Excel Fundamentals|Introductory Financial Concepts,intermediate
Management of Fashion and Luxury Companies,"{"" Brand Management"","" Leadership and Management"","" Marketing"","" Retail Sales"","" Strategy"","" Business Analysis"","" Communication"","" Customer Analysis"","" Media Strategy & Planning"","" Product Design"","" Product Development""}",4.7,Mixed,Course,1 - 3 Months,Digital Communication Basics|Consumer Behavior|Content Creation,beginner
"Introduction to TensorFlow for Artificial Intelligence, Machine Learning, and Deep Learning","{"" Machine Learning"","" Tensorflow"","" Artificial Neural Networks"","" Computer Programming"","" Machine Learning Algorithms"","" Deep Learning"","" Machine Learning Software"","" Applied Machine Learning"","" Human Learning"","" Algorithms"","" Computer Vision""}",4.8,Intermediate,Course,1 - 4 Weeks,Linear Algebra|Python Programming|Calculus Fundamentals,intermediate
Introduction to Spreadsheets and Models,"{"" Data Analysis"","" Forecasting"","" General Statistics"","" Microsoft Excel"","" Spreadsheet Software"","" Statistical Analysis"","" Basic Descriptive Statistics"","" Business Analysis"","" Statistical Tests"","" Correlation And Dependence"","" Computer Programming""}",4.2,Mixed,Course,1 - 4 Weeks,Relational Database Concepts|Basic SQL Queries|Data Types,beginner
The Bits and Bytes of Computer Networking,"{"" Computer Networking"","" Network Architecture"","" Network Model"","" Networking Hardware"","" Network Analysis"","" Critical Thinking"","" Problem Solving"","" Computer Architecture"","" Human Computer Interaction"","" Network Security"","" Cloud Computing""}",4.7,Beginner,Course,1 - 3 Months,Basic Networking Concepts|TCP/IP Fundamentals|Operating Systems,beginner
Gestion de projet de Google,"{"" Business Analysis"","" Business Development"","" Communication"","" Decision Making"","" Design and Product"","" Entrepreneurship"","" Leadership and Management"","" Planning"","" Strategy"","" Strategy and Operations"","" Data Analysis"","" Business Psychology"","" Conflict Management"","" Emotional Intelligence"","" People Management"","" Resilience"","" C++ Programming"","" Compensation"","" HR Tech"","" Network Security"","" Business Design"","" Employee Relations"","" Scrum (Software Development)""}",4.5,Beginner,Professional Certificate,3 - 6 Months,Basic Networking Concepts|TCP/IP Fundamentals|Operating Systems,beginner
From Data to Insights with Google Cloud,"{"" Google Cloud Platform"","" Cloud Computing"","" SQL"","" Databases"","" Data Analysis"","" Big Data"","" Cloud Platforms"","" Data Management"","" Exploratory Data Analysis"","" Cloud Storage"","" Data Analysis Software"","" Machine Learning"","" Applied Machine Learning"","" Human Learning"","" Data Visualization"","" Machine Learning Algorithms"","" Machine Learning Software"","" Database Theory""}",4.6,Beginner,Specialization,3 - 6 Months,Linear Algebra|Python Programming|Calculus Fundamentals,beginner
Excel Skills for Business: Essentials,"{"" Microsoft Excel"","" Spreadsheet Software"","" Data Visualization"","" Plot (Graphics)"","" Data Analysis"","" Leadership and Management""}",4.9,Beginner,Course,1 - 3 Months,Relational Database Concepts|Basic SQL Queries|Data Types,beginner
Introduction to Project Management,"{"" Leadership and Management"","" Project Management""}",4.8,Beginner,Course,1 - 3 Months,Basic Organizational Principles|Communication Skills|Time Management,beginner
Google Cloud Digital Leader Training,"{"" Cloud Computing"","" Cloud Infrastructure"","" Google Cloud Platform"","" Cloud Management"","" Cloud Platforms"","" Cloud Applications"","" Cloud-Based Integration"","" Cloud Clients"","" Kubernetes"","" Other Cloud Platforms and Tools"","" Data Management"","" DevOps"","" Software Engineering Tools"","" System Security"","" Data Architecture"","" Google App Engine"","" Account Management"","" Collaboration"","" Innovation"","" Leadership and Management"","" Operations Management"","" Data Warehousing"","" Machine Learning""}",4.8,Beginner,Professional Certificate,3 - 6 Months,Linear Algebra|Python Programming|Calculus Fundamentals,beginner
Arizona State University TESOL,"{"" Human Learning"","" Strategy"","" Planning"","" Writing"","" Mergers & Acquisitions""}",4.9,Beginner,Professional Certificate,3 - 6 Months,Analytical Thinking|Problem Solving Basics|General Industry Knowledge,beginner
Meta iOS Developer,"{"" Mobile Development"","" Swift Programming"","" iOS Development"","" Computer Programming"","" Mobile Development Tools"","" React (web framework)"","" Application Development"","" Software Engineering"","" Data Structures"","" User Experience"","" User Experience Design"","" Web Development"","" Computer Programming Tools"","" Software Engineering Tools"","" Front-End Web Development"","" Algorithms"","" Computer Science"","" Interactive Design"","" Javascript"","" Collaboration"","" Communication"","" Data Management"","" Django (Web Framework)"","" Human Computer Interaction"","" Linux"","" Problem Solving"","" Product Design"","" Software Architecture"","" Web Design""}",4.7,Beginner,Professional Certificate,3 - 6 Months,Relational Database Concepts|Basic SQL Queries|Data Types,beginner
Corporate Sustainability. Understanding and Seizing the Strategic Opportunity,"{"" Leadership and Management"","" Organizational Development"","" Strategy"","" Strategy and Operations"","" Business Transformation"","" Critical Thinking"","" Business Process Management"","" Change Management"","" Employee Relations"","" Innovation""}",4.6,Mixed,Course,1 - 3 Months,Basic Organizational Principles|Communication Skills|Time Management,beginner
IBM Data Analyst,"{"" Python Programming"","" Data Visualization"","" Microsoft Excel"","" Spreadsheet Software"","" Data Analysis"","" Statistical Visualization"","" Plot (Graphics)"","" Statistical Programming"","" Databases"","" SQL"","" Data Management"","" Exploratory Data Analysis"","" Machine Learning"","" Business Analysis"","" Computational Thinking"","" Computer Programming"","" Database Application"","" Database Design"","" Database Theory"","" Data Mining"","" Data Science"","" General Statistics"","" NoSQL"","" R Programming"","" Cloud Computing"","" Data Visualization Software"","" IBM Cloud"","" Interactive Data Visualization"","" Machine Learning Algorithms"","" Probability & Statistics"","" Regression""}",4.6,Beginner,Professional Certificate,3 - 6 Months,Basic Python Syntax|Introductory Statistics|NumPy Basics,beginner
Learning for a Sustainable Future,"{"" Critical Thinking""}",4.7,Beginner,Course,1 - 3 Months,Analytical Thinking|Problem Solving Basics|General Industry Knowledge,beginner
IBM Applied AI,"{"" Machine Learning"","" Deep Learning"","" Machine Learning Algorithms"","" Artificial Neural Networks"","" Python Programming"","" Cloud Computing"","" Computer Vision"","" Human Learning"","" IBM Cloud"","" Applied Machine Learning"","" Algorithms"","" Cloud API"","" Machine Learning Software"","" Natural Language Processing"","" Human Computer Interaction"","" Computer Programming"","" Cloud Applications"","" Computer Programming Tools"","" Application Development"","" Visualization (Computer Graphics)"","" Data Analysis"","" Software As A Service"","" User Experience Design"","" Data Science""}",4.6,Beginner,Professional Certificate,3 - 6 Months,Basic Python Syntax|Introductory Statistics|NumPy Basics,beginner
Python Data Structures,"{"" Algorithms"","" Computational Logic"","" Computer Programming"","" Computer Programming Tools"","" Critical Thinking"","" Data Management"","" Data Structures"","" Problem Solving"","" Python Programming"","" Software Engineering""}",4.9,Beginner,Course,1 - 3 Months,Basic Python Syntax|Introductory Statistics|NumPy Basics,beginner
Financial Reporting,"{"" Accounting"","" Financial Accounting"","" General Accounting"","" Generally Accepted Accounting Principles (GAAP)"","" Financial Analysis"","" Finance"","" Accounts Payable and Receivable"","" Financial Management"","" Management Accounting"","" Cost Accounting"","" Leadership and Management"","" Account Management"","" Corporate Accouting""}",4.7,Intermediate,Specialization,3 - 6 Months,Basic Arithmetic|Excel Fundamentals|Introductory Financial Concepts,intermediate
Introduction to Financial Accounting,"{"" Accounting"","" Accounts Payable and Receivable"","" Finance"","" Financial Accounting"","" General Accounting"","" Generally Accepted Accounting Principles (GAAP)"","" Account Management"","" Cash Management"","" Cost Accounting"","" Financial Analysis""}",4.7,Mixed,Course,1 - 4 Weeks,Basic Arithmetic|Excel Fundamentals|Introductory Financial Concepts,beginner
Cryptography I,"{"" Algorithms"","" Cryptography"","" Mathematics"","" Security Engineering"","" Theoretical Computer Science"","" Probability & Statistics"","" Critical Thinking"","" Mathematical Theory & Analysis"","" Computer Security Models"","" Probability Distribution""}",4.8,Mixed,Course,1 - 3 Months,Basic Networking Concepts|TCP/IP Fundamentals|Operating Systems,beginner
Developing Front-End Apps with React,"{"" Javascript"","" React (web framework)"","" Web Development""}",4.3,Intermediate,Course,1 - 4 Weeks,Analytical Thinking|Problem Solving Basics|General Industry Knowledge,intermediate
Blockchain,"{"" BlockChain"","" Cryptography"","" Finance"","" Algorithms"","" Problem Solving"","" Application Development"","" Computer Programming"","" Contract Management"","" Data Structures"","" Security Engineering"","" Critical Thinking"","" Programming Principles"","" Payments"","" Research and Design"","" Software Engineering Tools"","" System Security"","" Theoretical Computer Science"","" Other Programming Languages"","" Security Strategy""}",4.6,Intermediate,Specialization,3 - 6 Months,Basic Networking Concepts|TCP/IP Fundamentals|Operating Systems,intermediate
Foundations of Positive Psychology,"{"" Resilience""}",4.8,Beginner,Specialization,3 - 6 Months,Analytical Thinking|Problem Solving Basics|General Industry Knowledge,beginner
Financial Accounting Fundamentals,"{"" Account Management"","" Accounting"","" Accounts Payable and Receivable"","" Finance"","" Financial Accounting"","" Financial Analysis"","" General Accounting"","" Generally Accepted Accounting Principles (GAAP)"","" Financial Management"","" Payments""}",4.8,Beginner,Course,1 - 3 Months,Basic Arithmetic|Excel Fundamentals|Introductory Financial Concepts,beginner
Career Success,"{"" Leadership and Management"","" Professional Development"","" Strategy and Operations"","" Business Communication"","" Adaptability"","" Business Analysis"","" Communication"","" Decision Making"","" Project Management"","" People Management"","" Critical Thinking"","" Collaboration"","" Customer Relationship Management"","" Strategy"","" Planning"","" Business Development"","" Problem Solving"","" Accounting"","" Change Management"","" Conflict Management"","" Financial Accounting"","" Leadership Development"","" Entrepreneurship"","" People Development"","" Business Research"","" Cost Accounting"","" Deep Learning"","" Finance"","" Financial Management"","" General Accounting"","" Generally Accepted Accounting Principles (GAAP)"","" Negotiation"","" Financial Analysis"","" Writing"","" Benefits"","" Contract Management"","" Entrepreneurial Finance"","" Data Visualization Software"","" Marketing"","" Scrum (Software Development)"","" User Experience"","" Estimation""}",4.6,Beginner,Specialization,3 - 6 Months,Linear Algebra|Python Programming|Calculus Fundamentals,beginner
Robotic Process Automation (RPA),"{"" Computer Programming"","" User Experience Design""}",4.7,Beginner,Specialization,3 - 6 Months,Visual Design Fundamentals|Color Theory Basics|Basic Creativity Skills,beginner
Natural Language Processing with Classification and Vector Spaces,"{"" Machine Learning"","" Natural Language Processing"","" Probability & Statistics"","" Python Programming"","" Machine Learning Algorithms"","" Applied Machine Learning"","" Computer Programming"","" Human Learning"","" Mathematics"","" Statistical Machine Learning""}",4.6,Intermediate,Course,1 - 4 Weeks,Basic Python Syntax|Introductory Statistics|NumPy Basics,intermediate
Financial Acumen for Non-Financial Managers,"{"" Finance"","" Financial Analysis"","" Financial Management"","" Accounting"","" Accounts Payable and Receivable"","" Business Analysis"","" Financial Accounting"","" General Accounting"","" Management Accounting"","" Generally Accepted Accounting Principles (GAAP)""}",4.5,Beginner,Course,1 - 4 Weeks,Basic Arithmetic|Excel Fundamentals|Introductory Financial Concepts,beginner
DataOps Methodology,"{"" Data Management"","" Leadership and Management"","" Data Analysis"","" Data Architecture"","" Data Model""}",4.7,Beginner,Course,1 - 3 Months,Relational Database Concepts|Basic SQL Queries|Data Types,beginner
Introduction to Data Science in Python,"{"" Computer Programming"","" Data Analysis"","" Data Management"","" Python Programming"","" Statistical Programming"","" Data Mining"","" Extract"","" Transform"","" Load"","" Computer Programming Tools"","" Critical Thinking"","" Exploratory Data Analysis"","" General Statistics""}",4.5,Intermediate,Course,1 - 4 Weeks,Basic Python Syntax|Introductory Statistics|NumPy Basics,intermediate
Fractal Data Science,"{"" Communication"","" Critical Thinking"","" Data Analysis"","" Data Model"","" Exploratory Data Analysis"","" Feature Engineering"","" Power BI"","" Problem Solving"","" SQL"","" Storytelling""}",3.9,Beginner,Professional Certificate,3 - 6 Months,Relational Database Concepts|Basic SQL Queries|Data Types,beginner
Fundamentals of Technology Sales,"{"" Communication"","" Problem Solving"","" Sales"","" Business Communication"","" Decision Making"","" Sales Systems"","" Negotiation""}",4.6,Beginner,Course,1 - 3 Months,Analytical Thinking|Problem Solving Basics|General Industry Knowledge,beginner
"FinTech: Foundations, Payments, and Regulations","{"" FinTech"","" Finance"","" Behavioral Economics"","" BlockChain"","" Financial Analysis"","" Financial Management"","" Market Research"","" Payments"","" Risk Management"","" Cash Management""}",4.6,Beginner,Course,1 - 4 Weeks,Basic Arithmetic|Excel Fundamentals|Introductory Financial Concepts,beginner
Convolutional Neural Networks in TensorFlow,"{"" Machine Learning"","" Deep Learning"","" Machine Learning Algorithms"","" Applied Machine Learning"","" Artificial Neural Networks"","" Computer Vision"","" Human Learning"","" Tensorflow"","" Python Programming"","" Machine Learning Software""}",4.7,Intermediate,Course,1 - 4 Weeks,Basic Python Syntax|Introductory Statistics|NumPy Basics,intermediate
Conflict Management,"{"" Collaboration"","" Communication"","" Conflict Management"","" Leadership and Management""}",4.4,Beginner,Specialization,3 - 6 Months,Basic Organizational Principles|Communication Skills|Time Management,beginner
"Ethics, Technology and Engineering","{"" Problem Solving""}",4.7,Beginner,Course,1 - 3 Months,Programming Fundamentals|Version Control|Algorithms,beginner
Key Technologies for Business,"{"" Algorithms"","" Applied Machine Learning"","" Artificial Neural Networks"","" Computer Vision"","" Deep Learning"","" Human Learning"","" Machine Learning"","" Machine Learning Algorithms"","" Machine Learning Software"","" Cloud Computing"","" Data Science"","" Data Analysis"","" Big Data"","" Data Mining"","" Cloud Applications"","" Cloud Infrastructure"","" Cloud Platforms"","" Cloud Storage"","" DevOps"","" IBM Cloud"","" Regression"","" Writing""}",4.7,Beginner,Specialization,1 - 3 Months,Linear Algebra|Python Programming|Calculus Fundamentals,beginner
Essentials in Clinical Simulations Across the Health Professions,"{"" Training""}",4.8,Intermediate,Course,1 - 3 Months,Basic Anatomy|Introductory Biology|Scientific Method,intermediate
Coaching Skills for Managers,"{"" Leadership and Management"","" Human Resources"","" Communication"","" Employee Relations"","" People Management"","" Leadership Development"","" People Development"","" Performance Management"","" Professional Development"","" Organizational Development"","" Talent Management"","" Business Psychology"","" Emotional Intelligence"","" Problem Solving"","" Training"","" People Analysis"","" Entrepreneurship"","" Strategy and Operations"","" Strategy""}",4.8,Intermediate,Specialization,3 - 6 Months,Basic Organizational Principles|Communication Skills|Time Management,intermediate
Build Basic Generative Adversarial Networks (GANs),"{"" Artificial Neural Networks"","" Machine Learning"","" Machine Learning Algorithms"","" Machine Learning Software"","" Python Programming"","" Statistical Programming"","" Deep Learning""}",4.7,Intermediate,Course,1 - 4 Weeks,Basic Python Syntax|Introductory Statistics|NumPy Basics,intermediate
Introduction to Web Development,"{"" Computer Programming"","" Front-End Web Development"","" HTML and CSS"","" Javascript"","" Web Design"","" Web Development"","" Web Development Tools"","" Problem Solving"","" User Experience Design"","" Java Programming""}",4.7,Beginner,Course,1 - 3 Months,Linear Algebra|Python Programming|Calculus Fundamentals,beginner
Salesforce Sales Operations,"{"" Sales"","" Salesforce"","" Customer Relationship Management"","" Sales Systems"","" Account Management"","" Leadership and Management"","" Strategy and Operations"","" Business Process Management"","" Customer Success"","" Marketing"","" Operations Management"","" Strategy"","" B2B Sales"","" Data Visualization Software"","" Databases"","" Business Analysis"","" Data Visualization""}",4.6,Beginner,Professional Certificate,3 - 6 Months,Relational Database Concepts|Basic SQL Queries|Data Types,beginner
Gender Analytics: Gender Equity through Inclusive Design,"{"" Research and Design"","" Critical Thinking"","" Organizational Development"","" People Analysis"","" Business Analysis"","" Decision Making"","" Data Analysis"","" Emotional Intelligence"","" Leadership and Management"","" People Development"","" Strategy and Operations"","" Business Psychology"","" Communication"","" Data Management"","" Human Resources"","" Leadership Development"","" Problem Solving"","" Strategy"","" User Experience Design"","" Change Management"","" General Statistics"","" Human Computer Interaction"","" Innovation"","" Probability & Statistics"","" Statistical Analysis"","" User Experience"","" Creativity"","" Market Research""}",4.8,Beginner,Specialization,3 - 6 Months,Relational Database Concepts|Basic SQL Queries|Data Types,beginner
Google Digital Marketing & E-commerce,"{"" Digital Marketing"","" Marketing"","" Marketing Management"","" Media Strategy & Planning"","" Sales"","" E-Commerce"","" Data Analysis"","" Social Media"","" Search Engine Optimization"","" Advertising"","" Communication"","" Persona Research"","" Strategy"","" Web Design"","" Web Development"","" Web Development Tools"","" Writing"","" Data Management"","" Market Analysis""}",4.8,Beginner,Professional Certificate,3 - 6 Months,Relational Database Concepts|Basic SQL Queries|Data Types,beginner
Foundations of Project Management,"{"" Project Management"","" Strategy and Operations"","" Business Communication"","" Change Management"","" Organizational Development"","" Communication"","" Culture"","" Emotional Intelligence"","" Influencing"","" Leadership and Management"","" People Management"","" Planning""}",4.9,Beginner,Course,1 - 4 Weeks,Basic Organizational Principles|Communication Skills|Time Management,beginner
Fundamentals of GIS,"{"" ArcGIS"","" Data Visualization"","" GIS Software"","" Data Visualization Software"","" Databases"","" Geovisualization"","" Interactive Data Visualization""}",4.8,Beginner,Course,1 - 4 Weeks,Relational Database Concepts|Basic SQL Queries|Data Types,beginner
Java Programming and Software Engineering Fundamentals,"{"" Computer Programming"","" Java Programming"","" Programming Principles"","" Algorithms"","" Problem Solving"","" Data Structures"","" Software Engineering"","" Computer Programming Tools"","" Critical Thinking"","" Computational Thinking"","" Data Analysis"","" Javascript"","" Software Testing"","" Front-End Web Development"","" HTML and CSS"","" Web Design"","" Web Development"","" Web Development Tools"","" Computer Graphic Techniques"","" Software Architecture"","" Data Model"","" Cryptography"","" Data Analysis Software"","" Statistical Programming"","" Strategy""}",4.6,Beginner,Specialization,3 - 6 Months,Linear Algebra|Python Programming|Calculus Fundamentals,beginner
"Start the UX Design Process: Empathize, Define, and Ideate","{"" Audit"","" Collaboration"","" Human Computer Interaction"","" User Experience"","" User Experience Design"","" User Research""}",4.8,Beginner,Course,1 - 4 Weeks,Visual Design Fundamentals|Color Theory Basics|Basic Creativity Skills,beginner
Relationship Management and Business Development,"{"" Business Development"","" Customer Relationship Management"","" Leadership and Management""}",4.6,Intermediate,Course,1 - 4 Weeks,Basic Organizational Principles|Communication Skills|Time Management,intermediate
Certificado en Introducción a la Ciencia de Datos,"{"" Leadership and Management"","" Strategy"","" Finance"","" Financial Analysis"","" General Statistics"","" Machine Learning"","" Python Programming""}",,,Mastertrack,4 meses,Basic Python Syntax|Introductory Statistics|NumPy Basics,beginner
Private Equity and Venture Capital,"{"" Business Analysis"","" Entrepreneurial Finance"","" Finance"","" Financial Management"","" Investment Management"","" Mergers & Acquisitions"","" Entrepreneurship"","" Decision Making"","" Financial Analysis"","" Strategy""}",4.8,Mixed,Course,1 - 3 Months,Basic Arithmetic|Excel Fundamentals|Introductory Financial Concepts,beginner
Machine Learning Modeling Pipelines in Production,"{"" Cloud Computing"","" Google Cloud Platform"","" Machine Learning""}",4.3,Advanced,Course,1 - 3 Months,Linear Algebra|Python Programming|Calculus Fundamentals,advanced
Global Challenges in Business Graduate Certificate,"{"" Accounting"","" Finance"","" General Statistics"","" Management Accounting"","" Statistical Analysis""}",,,Graduate Certificate,6 - 12 Months,Basic Arithmetic|Excel Fundamentals|Introductory Financial Concepts,beginner
Google Data Analytics (DE),"{"" Design and Product"","" Data Analysis"","" Software Engineering"","" Microsoft Excel"","" Business Analysis"","" Computer Programming"","" SQL""}",4.4,Beginner,Professional Certificate,3 - 6 Months,Relational Database Concepts|Basic SQL Queries|Data Types,beginner
Play It Safe: Manage Security Risks,"{"" Audit"","" Leadership and Management"","" Risk Management""}",4.8,Beginner,Course,1 - 4 Weeks,Basic Networking Concepts|TCP/IP Fundamentals|Operating Systems,beginner
Kotlin for Java Developers,"{"" Computer Programming"","" Programming Principles"","" Algorithms"","" Data Structures"","" Problem Solving"","" Computational Logic"","" Mathematics"","" Software Engineering""}",4.7,Intermediate,Course,1 - 3 Months,Relational Database Concepts|Basic SQL Queries|Data Types,intermediate
Culture-Driven Team Building,"{"" Leadership and Management"","" Collaboration"","" Communication"","" Business Psychology"","" Emotional Intelligence"","" Entrepreneurship"","" Culture"","" People Management"","" Strategy and Operations"","" Professional Development"","" Conflict Management"","" Organizational Development"","" Human Learning""}",4.6,Beginner,Specialization,3 - 6 Months,Basic Organizational Principles|Communication Skills|Time Management,beginner
"GIS, Mapping, and Spatial Analysis","{"" ArcGIS"","" Data Analysis"","" Data Visualization"","" Geovisualization"","" Spatial Analysis"","" Spatial Data Analysis"","" GIS Software"","" Data Analysis Software"","" Data Visualization Software"","" Data Model"","" Data Management"","" Databases"","" Statistical Analysis"","" Mergers & Acquisitions""}",4.9,Beginner,Specialization,3 - 6 Months,Relational Database Concepts|Basic SQL Queries|Data Types,beginner
Introduction to High-Performance and Parallel Computing,"{"" Computer Programming"","" Distributed Computing Architecture"","" Computational Thinking"","" Computer Architecture"","" Computer Programming Tools"","" Linux""}",3.2,Beginner,Course,1 - 4 Weeks,Analytical Thinking|Problem Solving Basics|General Industry Knowledge,beginner
Agile Leadership,"{"" Leadership and Management"","" Business Psychology"","" Entrepreneurship"","" Communication"","" Strategy and Operations"","" Leadership Development"","" Change Management"","" Organizational Development"","" Project Management"","" Adaptability"","" Collaboration"","" Emotional Intelligence"","" Human Resources"","" Resilience"","" Business Transformation"","" Strategy"","" Business Communication"","" Professional Development"","" Scrum (Software Development)""}",4.8,Beginner,Specialization,3 - 6 Months,Programming Fundamentals|Version Control|Algorithms,beginner
Mathematics for Machine Learning,"{"" Algebra"","" Linear Algebra"","" Mathematics"","" Machine Learning"","" Mathematical Theory & Analysis"","" Computer Programming"","" Python Programming"","" Machine Learning Algorithms"","" Calculus"","" Computational Logic"","" Algorithms"","" Differential Equations"","" Applied Mathematics"","" Problem Solving"","" Statistical Analysis"","" Dimensionality Reduction"","" Computer Programming Tools"","" Regression""}",4.6,Beginner,Specialization,3 - 6 Months,Basic Python Syntax|Introductory Statistics|NumPy Basics,beginner
Supply Chain Analytics,"{"" Data Analysis"","" Supply Chain Systems"","" Supply Chain and Logistics"","" Strategy and Operations"","" Leadership and Management"","" Inventory Management"","" Operations Management"","" Business Analysis"","" Planning"","" Operational Analysis"","" Market Analysis"","" Strategy"","" Business Intelligence"","" Process Analysis"","" Forecasting"","" Warehouse Management"","" Data Management"","" Probability & Statistics"","" Statistical Analysis"","" Customer Analysis"","" Decision Making"","" General Statistics"","" Statistical Visualization"","" Data Model"","" Regression"","" Statistical Tests"","" Supplier Relationship Management"","" Basic Descriptive Statistics"","" Data Science""}",4.6,Beginner,Specialization,3 - 6 Months,Relational Database Concepts|Basic SQL Queries|Data Types,beginner
Project Planning,"{"" Leadership and Management"","" Planning""}",4.8,Beginner,Course,1 - 3 Months,Basic Organizational Principles|Communication Skills|Time Management,beginner
Graphic Design,"{"" Graphic Design"","" Design and Product"","" Visual Design"","" Communication"","" Computer Graphic Techniques"","" Computer Graphics"","" Creativity"","" Visualization (Computer Graphics)"","" Geometry"","" Interactive Design""}",4.7,Beginner,Specialization,3 - 6 Months,Visual Design Fundamentals|Color Theory Basics|Basic Creativity Skills,beginner
An Introduction to Consumer Neuroscience & Neuromarketing,"{"" Business Psychology"","" Market Research"","" Marketing"","" Behavioral Economics"","" Customer Analysis"","" Decision Making"","" People Analysis"","" Emotional Intelligence"","" Experiment"","" Research and Design""}",4.7,Beginner,Course,1 - 3 Months,Basic Arithmetic|Excel Fundamentals|Introductory Financial Concepts,beginner
Emotional Intelligence: Cultivating Immensely Human Interactions,"{"" Communication"","" Emotional Intelligence"","" Leadership and Management""}",4.7,Intermediate,Course,1 - 4 Weeks,Basic Organizational Principles|Communication Skills|Time Management,intermediate
Foundations of Software Testing and Validation,"{"" Software Testing""}",4.7,Beginner,Course,1 - 4 Weeks,Programming Fundamentals|Version Control|Algorithms,beginner
Microsoft Power BI Data Analyst,"{"" Data Analysis"","" Data Management"","" Data Mining"","" Data Model"","" Extract"","" Transform"","" Load"","" Microsoft Excel"","" Power BI"","" SQL""}",4.6,Beginner,Professional Certificate,3 - 6 Months,Relational Database Concepts|Basic SQL Queries|Data Types,beginner
Python 3 Programming,"{"" Python Programming"","" Computer Programming"","" Problem Solving""}",4.7,Beginner,Specialization,3 - 6 Months,Basic Python Syntax|Object-Oriented Programming,beginner
Real-World Product Management,"{"" Leadership and Management"","" Product Strategy"","" Product Management"","" Strategy"","" Marketing"","" Strategy and Operations"","" Product Marketing"","" Business Development"","" Business Process Management"","" Market Analysis""}",4.5,Beginner,Specialization,3 - 6 Months,Digital Communication Basics|Consumer Behavior|Content Creation,beginner
Viral Marketing and How to Craft Contagious Content,"{"" Brand Management"","" Communication"","" Critical Thinking"","" Influencing"","" Marketing"","" Media Strategy & Planning"","" People Analysis"","" Social Media"","" Strategy"","" Market Analysis""}",4.8,Mixed,Course,1 - 4 Weeks,Digital Communication Basics|Consumer Behavior|Content Creation,beginner
Conduct UX Research and Test Early Concepts,"{"" Planning"","" User Experience"","" User Research""}",4.8,Beginner,Course,1 - 4 Weeks,Analytical Thinking|Problem Solving Basics|General Industry Knowledge,beginner
.NET FullStack Developer,"{"" Computer Programming"","" Javascript"","" React (web framework)""}",4.3,Intermediate,Specialization,1 - 3 Months,Analytical Thinking|Problem Solving Basics|General Industry Knowledge,intermediate
Successful Negotiation: Essential Strategies and Skills,"{"" Contract Management"","" Negotiation"","" Communication"","" Decision Making"","" Strategy""}",4.8,Beginner,Course,1 - 3 Months,Basic Organizational Principles|Communication Skills|Time Management,beginner
Foundations of Data Science: K-Means Clustering in Python,"{"" Data Analysis"","" Computer Programming"","" Python Programming"","" Statistical Analysis"","" Statistical Programming"","" Applied Machine Learning"","" Basic Descriptive Statistics"","" Data Visualization"","" General Statistics"","" Machine Learning"","" Machine Learning Algorithms""}",4.6,Beginner,Course,1 - 3 Months,Basic Python Syntax|Introductory Statistics|NumPy Basics,beginner
Version Control,"{"" Collaboration"","" Linux"","" Software Engineering"","" Software Engineering Tools"","" Web Development""}",4.6,Beginner,Course,1 - 4 Weeks,Programming Fundamentals|Version Control|Algorithms,beginner